{
  "canvas": {
    "version": "2.2.12",
    "width": 2000,
    "height": 2000,
    "scrollTop": -492.8333333333334,
    "scrollLeft": -320.16666666666674,
    "zoomLevel": 1,
    "show": {
      "tableComment": true,
      "columnComment": true,
      "columnDataType": true,
      "columnDefault": true,
      "columnAutoIncrement": false,
      "columnPrimaryKey": true,
      "columnUnique": false,
      "columnNotNull": true,
      "relationship": true
    },
    "database": "MySQL",
    "databaseName": "",
    "canvasType": "@vuerd/builtin-sql-ddl",
    "language": "GraphQL",
    "tableCase": "pascalCase",
    "columnCase": "camelCase",
    "highlightTheme": "VS2015",
    "bracketType": "none",
    "setting": {
      "relationshipDataTypeSync": true,
      "relationshipOptimization": false,
      "columnOrder": [
        "columnName",
        "columnDataType",
        "columnNotNull",
        "columnUnique",
        "columnAutoIncrement",
        "columnDefault",
        "columnComment"
      ]
    },
    "pluginSerializationMap": {}
  },
  "table": {
    "tables": [
      {
        "id": "19c962a3-9f4a-4b3a-b1b2-65c0f5f87321",
        "name": "dojos",
        "comment": "",
        "columns": [
          {
            "id": "7cd4fbfc-cb5b-4099-89a9-d29625375fe9",
            "name": "id",
            "comment": "",
            "dataType": "INT",
            "default": "AI",
            "option": {
              "autoIncrement": true,
              "primaryKey": true,
              "unique": false,
              "notNull": true
            },
            "ui": {
              "active": false,
              "pk": true,
              "fk": false,
              "pfk": false,
              "widthName": 60,
              "widthComment": 60,
              "widthDataType": 60,
              "widthDefault": 60
            }
          },
          {
            "id": "2c3afb21-998d-43cb-a5bd-e940fdc77402",
            "name": "name",
            "comment": "",
            "dataType": "VARCHAR(255)",
            "default": "",
            "option": {
              "autoIncrement": false,
              "primaryKey": false,
              "unique": false,
              "notNull": false
            },
            "ui": {
              "active": false,
              "pk": false,
              "fk": false,
              "pfk": false,
              "widthName": 60,
              "widthComment": 60,
              "widthDataType": 94.955078125,
              "widthDefault": 60
            }
          },
          {
            "id": "34d15c06-6b0b-4122-aa93-3b93a6fcb42b",
            "name": "location",
            "comment": "",
            "dataType": "VARCHAR(255)",
            "default": "",
            "option": {
              "autoIncrement": false,
              "primaryKey": false,
              "unique": false,
              "notNull": false
            },
            "ui": {
              "active": false,
              "pk": false,
              "fk": false,
              "pfk": false,
              "widthName": 60,
              "widthComment": 60,
              "widthDataType": 94.955078125,
              "widthDefault": 60
            }
          }
        ],
        "ui": {
          "active": false,
          "left": 520.1666666666667,
          "top": 592.8333333333335,
          "zIndex": 65,
          "widthName": 60,
          "widthComment": 60
        },
        "visible": true
      },
      {
        "id": "539187c9-785d-49f7-91f8-7f48332f7442",
        "name": "ninjas",
        "comment": "",
        "columns": [
          {
            "id": "97667061-141b-4fe1-a861-468cb577a3fb",
            "name": "id",
            "comment": "",
            "dataType": "INT",
            "default": "AI",
            "option": {
              "autoIncrement": true,
              "primaryKey": true,
              "unique": false,
              "notNull": true
            },
            "ui": {
              "active": false,
              "pk": true,
              "fk": false,
              "pfk": false,
              "widthName": 60,
              "widthComment": 60,
              "widthDataType": 60,
              "widthDefault": 60
            }
          },
          {
            "id": "0b558fe0-02fa-4aa0-874e-53b3346bdcaa",
            "name": "created_at",
            "comment": "",
            "dataType": "timestamp",
            "default": "current_timestamp",
            "option": {
              "autoIncrement": false,
              "primaryKey": false,
              "unique": false,
              "notNull": false
            },
            "ui": {
              "active": false,
              "pk": false,
              "fk": false,
              "pfk": false,
              "widthName": 67.0634765625,
              "widthComment": 60,
              "widthDataType": 61.9599609375,
              "widthDefault": 109.64990234375
            }
          },
          {
            "id": "4fa84f91-0d10-4a5b-b126-38c3799d8920",
            "name": "updated_at",
            "comment": "",
            "dataType": "timestamp",
            "default": "UPDATE NULL ON current_timestamp",
            "option": {
              "autoIncrement": false,
              "primaryKey": false,
              "unique": false,
              "notNull": false
            },
            "ui": {
              "active": false,
              "pk": false,
              "fk": false,
              "pfk": false,
              "widthName": 60,
              "widthComment": 60,
              "widthDataType": 60,
              "widthDefault": 224.9931640625
            }
          },
          {
            "id": "403037ff-13f9-42e4-8b27-c74257cfe1d8",
            "name": "full_name",
            "comment": "",
            "dataType": "VARCHAR(255)",
            "default": "",
            "option": {
              "autoIncrement": false,
              "primaryKey": false,
              "unique": false,
              "notNull": false
            },
            "ui": {
              "active": false,
              "pk": false,
              "fk": false,
              "pfk": false,
              "widthName": 60,
              "widthComment": 60,
              "widthDataType": 94.955078125,
              "widthDefault": 60
            }
          },
          {
            "id": "ff33b6b6-c144-4d04-b3e5-8b7d8b222665",
            "name": "email",
            "comment": "",
            "dataType": "VARCHAR(255)",
            "default": "",
            "option": {
              "autoIncrement": false,
              "primaryKey": false,
              "unique": false,
              "notNull": false
            },
            "ui": {
              "active": false,
              "pk": false,
              "fk": false,
              "pfk": false,
              "widthName": 60,
              "widthComment": 60,
              "widthDataType": 94.955078125,
              "widthDefault": 60
            }
          },
          {
            "id": "6f438819-b8c3-4196-af56-564db400695c",
            "name": "age",
            "comment": "",
            "dataType": "INT",
            "default": "",
            "option": {
              "autoIncrement": false,
              "primaryKey": false,
              "unique": false,
              "notNull": false
            },
            "ui": {
              "active": false,
              "pk": false,
              "fk": false,
              "pfk": false,
              "widthName": 60,
              "widthComment": 60,
              "widthDataType": 60,
              "widthDefault": 60
            }
          },
          {
            "id": "a55a319c-3d53-44bb-bd8b-b9abab9b3586",
            "name": "dojo_id",
            "comment": "",
            "dataType": "INT",
            "default": "AI",
            "option": {
              "autoIncrement": false,
              "primaryKey": false,
              "unique": false,
              "notNull": true
            },
            "ui": {
              "active": false,
              "pk": false,
              "fk": true,
              "pfk": false,
              "widthName": 60,
              "widthComment": 60,
              "widthDataType": 60,
              "widthDefault": 60
            }
          }
        ],
        "ui": {
          "active": true,
          "left": 598.1667,
          "top": 860.8333,
          "zIndex": 71,
          "widthName": 60,
          "widthComment": 60
        },
        "visible": true
      }
    ],
    "indexes": []
  },
  "memo": {
    "memos": []
  },
  "relationship": {
    "relationships": [
      {
        "id": "3b3e10a3-4bc9-4065-a437-aae6fa54ca20",
        "identification": false,
        "relationshipType": "OneN",
        "startRelationshipType": "Dash",
        "start": {
          "tableId": "19c962a3-9f4a-4b3a-b1b2-65c0f5f87321",
          "columnIds": [
            "7cd4fbfc-cb5b-4099-89a9-d29625375fe9"
          ],
          "x": 902.1217447916667,
          "y": 658.0833333333335,
          "direction": "right"
        },
        "end": {
          "tableId": "539187c9-785d-49f7-91f8-7f48332f7442",
          "columnIds": [
            "a55a319c-3d53-44bb-bd8b-b9abab9b3586"
          ],
          "x": 875.172559375,
          "y": 860.8333,
          "direction": "top"
        },
        "constraintName": "fk_dojos_to_",
        "visible": true
      }
    ]
  }
}