{
  "canvas": {
    "version": "2.2.12",
    "width": 2000,
    "height": 2000,
    "scrollTop": -555.0000000000001,
    "scrollLeft": -234.33333333333348,
    "zoomLevel": 1,
    "show": {
      "tableComment": true,
      "columnComment": true,
      "columnDataType": true,
      "columnDefault": true,
      "columnAutoIncrement": false,
      "columnPrimaryKey": true,
      "columnUnique": false,
      "columnNotNull": true,
      "relationship": true
    },
    "database": "MySQL",
    "databaseName": "",
    "canvasType": "@vuerd/builtin-sql-ddl",
    "language": "GraphQL",
    "tableCase": "pascalCase",
    "columnCase": "camelCase",
    "highlightTheme": "VS2015",
    "bracketType": "none",
    "setting": {
      "relationshipDataTypeSync": true,
      "relationshipOptimization": false,
      "columnOrder": [
        "columnName",
        "columnDataType",
        "columnNotNull",
        "columnUnique",
        "columnAutoIncrement",
        "columnDefault",
        "columnComment"
      ]
    },
    "pluginSerializationMap": {}
  },
  "table": {
    "tables": [
      {
        "id": "e42e044c-6fcb-4c5f-bfba-73fe574420e7",
        "name": "user",
        "comment": "",
        "columns": [
          {
            "id": "20d954ab-bbfd-4426-b0b5-098ca0d10bb6",
            "name": "id",
            "comment": "",
            "dataType": "INT",
            "default": "",
            "option": {
              "autoIncrement": true,
              "primaryKey": true,
              "unique": false,
              "notNull": true
            },
            "ui": {
              "active": false,
              "pk": true,
              "fk": false,
              "pfk": false,
              "widthName": 60,
              "widthComment": 60,
              "widthDataType": 60,
              "widthDefault": 60
            }
          },
          {
            "id": "32559cea-efe3-434b-8ef1-6260ba66d788",
            "name": "created_at",
            "comment": "",
            "dataType": "timestamp",
            "default": "NULL on timestamp",
            "option": {
              "autoIncrement": false,
              "primaryKey": false,
              "unique": false,
              "notNull": false
            },
            "ui": {
              "active": false,
              "pk": false,
              "fk": false,
              "pfk": false,
              "widthName": 67.0634765625,
              "widthComment": 60,
              "widthDataType": 61.9599609375,
              "widthDefault": 116.8798828125
            }
          },
          {
            "id": "d36bdbeb-53a3-48ed-a809-7ce483478315",
            "name": "updated_at",
            "comment": "",
            "dataType": "timestamp",
            "default": "UPDATE NULL on timestamp",
            "option": {
              "autoIncrement": false,
              "primaryKey": false,
              "unique": false,
              "notNull": false
            },
            "ui": {
              "active": false,
              "pk": false,
              "fk": false,
              "pfk": false,
              "widthName": 60,
              "widthComment": 60,
              "widthDataType": 60,
              "widthDefault": 172.26318359375
            }
          },
          {
            "id": "46613b23-bbe8-4e41-a97b-89bf0b61b832",
            "name": "first_name",
            "comment": "",
            "dataType": "VARCHAR(45)",
            "default": "",
            "option": {
              "autoIncrement": false,
              "primaryKey": false,
              "unique": false,
              "notNull": false
            },
            "ui": {
              "active": false,
              "pk": false,
              "fk": false,
              "pfk": false,
              "widthName": 62.68994140625,
              "widthComment": 60,
              "widthDataType": 87.72509765625,
              "widthDefault": 60
            }
          },
          {
            "id": "6fb5399f-8a20-488e-bef8-3ba1f7a4255a",
            "name": "last_name",
            "comment": "",
            "dataType": "VARCHAR(45)",
            "default": "",
            "option": {
              "autoIncrement": false,
              "primaryKey": false,
              "unique": false,
              "notNull": false
            },
            "ui": {
              "active": false,
              "pk": false,
              "fk": false,
              "pfk": false,
              "widthName": 61.97900390625,
              "widthComment": 60,
              "widthDataType": 87.72509765625,
              "widthDefault": 60
            }
          },
          {
            "id": "09c91d1a-ff60-41f0-b5a8-904cff425f89",
            "name": "email",
            "comment": "",
            "dataType": "VARCHAR(60)",
            "default": "",
            "option": {
              "autoIncrement": false,
              "primaryKey": false,
              "unique": false,
              "notNull": false
            },
            "ui": {
              "active": false,
              "pk": false,
              "fk": false,
              "pfk": false,
              "widthName": 60,
              "widthComment": 60,
              "widthDataType": 87.72509765625,
              "widthDefault": 60
            }
          },
          {
            "id": "24a466c6-53c8-4a4c-845a-ab03298698ef",
            "name": "password",
            "comment": "",
            "dataType": "VARCHAR(45)",
            "default": "",
            "option": {
              "autoIncrement": false,
              "primaryKey": false,
              "unique": false,
              "notNull": false
            },
            "ui": {
              "active": false,
              "pk": false,
              "fk": false,
              "pfk": false,
              "widthName": 60,
              "widthComment": 60,
              "widthDataType": 87.72509765625,
              "widthDefault": 60
            }
          },
          {
            "id": "640cbc26-063c-4e83-80e0-5919cee9d00a",
            "name": "confirm_password",
            "comment": "",
            "dataType": "VARCHAR(45)",
            "default": "",
            "option": {
              "autoIncrement": false,
              "primaryKey": false,
              "unique": false,
              "notNull": false
            },
            "ui": {
              "active": false,
              "pk": false,
              "fk": false,
              "pfk": false,
              "widthName": 107.4853515625,
              "widthComment": 60,
              "widthDataType": 87.72509765625,
              "widthDefault": 60
            }
          }
        ],
        "ui": {
          "active": true,
          "left": 434.3333,
          "top": 655,
          "zIndex": 50,
          "widthName": 60,
          "widthComment": 60
        },
        "visible": true
      }
    ],
    "indexes": []
  },
  "memo": {
    "memos": []
  },
  "relationship": {
    "relationships": []
  }
}