{
  "canvas": {
    "version": "2.2.12",
    "width": 2000,
    "height": 2000,
    "scrollTop": -541.0000000000001,
    "scrollLeft": -226.33333333333348,
    "zoomLevel": 0.8,
    "show": {
      "tableComment": true,
      "columnComment": true,
      "columnDataType": true,
      "columnDefault": true,
      "columnAutoIncrement": false,
      "columnPrimaryKey": true,
      "columnUnique": false,
      "columnNotNull": true,
      "relationship": true
    },
    "database": "MySQL",
    "databaseName": "",
    "canvasType": "@vuerd/builtin-sql-ddl",
    "language": "GraphQL",
    "tableCase": "pascalCase",
    "columnCase": "camelCase",
    "highlightTheme": "VS2015",
    "bracketType": "none",
    "setting": {
      "relationshipDataTypeSync": true,
      "relationshipOptimization": false,
      "columnOrder": [
        "columnName",
        "columnDataType",
        "columnNotNull",
        "columnUnique",
        "columnAutoIncrement",
        "columnDefault",
        "columnComment"
      ]
    },
    "pluginSerializationMap": {}
  },
  "table": {
    "tables": [
      {
        "id": "e42e044c-6fcb-4c5f-bfba-73fe574420e7",
        "name": "users",
        "comment": "",
        "columns": [
          {
            "id": "20d954ab-bbfd-4426-b0b5-098ca0d10bb6",
            "name": "id",
            "comment": "",
            "dataType": "INT",
            "default": "",
            "option": {
              "autoIncrement": true,
              "primaryKey": true,
              "unique": false,
              "notNull": true
            },
            "ui": {
              "active": false,
              "pk": true,
              "fk": false,
              "pfk": false,
              "widthName": 60,
              "widthComment": 60,
              "widthDataType": 60,
              "widthDefault": 60
            }
          },
          {
            "id": "46613b23-bbe8-4e41-a97b-89bf0b61b832",
            "name": "first_name",
            "comment": "",
            "dataType": "VARCHAR(45)",
            "default": "",
            "option": {
              "autoIncrement": false,
              "primaryKey": false,
              "unique": false,
              "notNull": false
            },
            "ui": {
              "active": false,
              "pk": false,
              "fk": false,
              "pfk": false,
              "widthName": 62.68994140625,
              "widthComment": 60,
              "widthDataType": 87.72509765625,
              "widthDefault": 60
            }
          },
          {
            "id": "6fb5399f-8a20-488e-bef8-3ba1f7a4255a",
            "name": "last_name",
            "comment": "",
            "dataType": "VARCHAR(45)",
            "default": "",
            "option": {
              "autoIncrement": false,
              "primaryKey": false,
              "unique": false,
              "notNull": false
            },
            "ui": {
              "active": false,
              "pk": false,
              "fk": false,
              "pfk": false,
              "widthName": 61.97900390625,
              "widthComment": 60,
              "widthDataType": 87.72509765625,
              "widthDefault": 60
            }
          },
          {
            "id": "09c91d1a-ff60-41f0-b5a8-904cff425f89",
            "name": "email",
            "comment": "",
            "dataType": "VARCHAR(60)",
            "default": "",
            "option": {
              "autoIncrement": false,
              "primaryKey": false,
              "unique": false,
              "notNull": false
            },
            "ui": {
              "active": false,
              "pk": false,
              "fk": false,
              "pfk": false,
              "widthName": 60,
              "widthComment": 60,
              "widthDataType": 87.72509765625,
              "widthDefault": 60
            }
          },
          {
            "id": "24a466c6-53c8-4a4c-845a-ab03298698ef",
            "name": "password",
            "comment": "",
            "dataType": "VARCHAR(450)",
            "default": "",
            "option": {
              "autoIncrement": false,
              "primaryKey": false,
              "unique": false,
              "notNull": false
            },
            "ui": {
              "active": false,
              "pk": false,
              "fk": false,
              "pfk": false,
              "widthName": 60,
              "widthComment": 60,
              "widthDataType": 94.955078125,
              "widthDefault": 60
            }
          },
          {
            "id": "32559cea-efe3-434b-8ef1-6260ba66d788",
            "name": "created_at",
            "comment": "",
            "dataType": "timestamp",
            "default": "current_timestamp",
            "option": {
              "autoIncrement": false,
              "primaryKey": false,
              "unique": false,
              "notNull": false
            },
            "ui": {
              "active": false,
              "pk": false,
              "fk": false,
              "pfk": false,
              "widthName": 63.4326171875,
              "widthComment": 60,
              "widthDataType": 61.9599609375,
              "widthDefault": 109.64990234375
            }
          },
          {
            "id": "d36bdbeb-53a3-48ed-a809-7ce483478315",
            "name": "updated_at",
            "comment": "",
            "dataType": "timestamp",
            "default": " NULL on UPDATE current_timestamp",
            "option": {
              "autoIncrement": false,
              "primaryKey": false,
              "unique": false,
              "notNull": false
            },
            "ui": {
              "active": false,
              "pk": false,
              "fk": false,
              "pfk": false,
              "widthName": 67.0634765625,
              "widthComment": 60,
              "widthDataType": 61.9599609375,
              "widthDefault": 223.56494140625
            }
          }
        ],
        "ui": {
          "active": false,
          "left": 100.0283,
          "top": 469.445,
          "zIndex": 89,
          "widthName": 60,
          "widthComment": 60
        },
        "visible": true
      },
      {
        "id": "6c4d5db5-e9a8-468f-b837-04dc1a214feb",
        "name": "shows",
        "comment": "",
        "columns": [
          {
            "id": "af9d91ba-6220-43e5-9286-723d8afcf512",
            "name": "id",
            "comment": "",
            "dataType": "INT",
            "default": "",
            "option": {
              "autoIncrement": true,
              "primaryKey": true,
              "unique": false,
              "notNull": true
            },
            "ui": {
              "active": false,
              "pk": true,
              "fk": false,
              "pfk": false,
              "widthName": 60,
              "widthComment": 60,
              "widthDataType": 60,
              "widthDefault": 60
            }
          },
          {
            "id": "70b621cf-c728-4865-bf4d-57e009063a31",
            "name": "name",
            "comment": "",
            "dataType": "VARCHAR(65)",
            "default": "",
            "option": {
              "autoIncrement": false,
              "primaryKey": false,
              "unique": false,
              "notNull": false
            },
            "ui": {
              "active": false,
              "pk": false,
              "fk": false,
              "pfk": false,
              "widthName": 60,
              "widthComment": 60,
              "widthDataType": 87.72509765625,
              "widthDefault": 60
            }
          },
          {
            "id": "374deb3c-e099-49b0-a342-9213ee006fac",
            "name": "network",
            "comment": "",
            "dataType": "VARCHAR(450)",
            "default": "",
            "option": {
              "autoIncrement": false,
              "primaryKey": false,
              "unique": false,
              "notNull": false
            },
            "ui": {
              "active": false,
              "pk": false,
              "fk": false,
              "pfk": false,
              "widthName": 60,
              "widthComment": 60,
              "widthDataType": 94.955078125,
              "widthDefault": 60
            }
          },
          {
            "id": "cd95b66b-daaf-428b-b917-a35c9b50b51f",
            "name": "release_date",
            "comment": "",
            "dataType": "DATE",
            "default": "",
            "option": {
              "autoIncrement": false,
              "primaryKey": false,
              "unique": false,
              "notNull": false
            },
            "ui": {
              "active": false,
              "pk": false,
              "fk": false,
              "pfk": false,
              "widthName": 77.1689453125,
              "widthComment": 60,
              "widthDataType": 60,
              "widthDefault": 60
            }
          },
          {
            "id": "d6183d56-1ea6-41d9-9755-9eaf21baf948",
            "name": "comments",
            "comment": "",
            "dataType": "VARCHAR(450)",
            "default": "",
            "option": {
              "autoIncrement": false,
              "primaryKey": false,
              "unique": false,
              "notNull": false
            },
            "ui": {
              "active": false,
              "pk": false,
              "fk": false,
              "pfk": false,
              "widthName": 61.9599609375,
              "widthComment": 60,
              "widthDataType": 94.955078125,
              "widthDefault": 60
            }
          },
          {
            "id": "df86181a-74e3-4051-8a10-202dbc698837",
            "name": "user_id",
            "comment": "",
            "dataType": "INT",
            "default": "",
            "option": {
              "autoIncrement": false,
              "primaryKey": false,
              "unique": false,
              "notNull": true
            },
            "ui": {
              "active": false,
              "pk": false,
              "fk": true,
              "pfk": false,
              "widthName": 60,
              "widthComment": 60,
              "widthDataType": 60,
              "widthDefault": 60
            }
          }
        ],
        "ui": {
          "active": false,
          "left": 783.0833,
          "top": 661.25,
          "zIndex": 70,
          "widthName": 60,
          "widthComment": 60
        },
        "visible": true
      }
    ],
    "indexes": []
  },
  "memo": {
    "memos": []
  },
  "relationship": {
    "relationships": [
      {
        "id": "60598ea5-4614-4b9b-a8d1-db23b4972580",
        "identification": false,
        "relationshipType": "OneN",
        "startRelationshipType": "Dash",
        "start": {
          "tableId": "e42e044c-6fcb-4c5f-bfba-73fe574420e7",
          "columnIds": [
            "20d954ab-bbfd-4426-b0b5-098ca0d10bb6"
          ],
          "x": 652.61179609375,
          "y": 575.6949999999999,
          "direction": "right"
        },
        "end": {
          "tableId": "6c4d5db5-e9a8-468f-b837-04dc1a214feb",
          "columnIds": [
            "df86181a-74e3-4051-8a10-202dbc698837"
          ],
          "x": 783.0833,
          "y": 757.25,
          "direction": "left"
        },
        "constraintName": "fk_user_to_pie",
        "visible": true
      }
    ]
  }
}